"";"string";"cluster";"distanceToCenter"
"1";"PELLWORM";38;8
"2";"OBERDERDINGEN";95;11
"3";"LIST";38;4
"4";"TREBEL";38;6
"5";"ZAHNA";38;5
"6";"WÖRLITZ";38;7
"7";"GROSSSCHWEIDNITZ";23;13
"8";"DITTERSDORF";136;5
"9";"NAUORT";33;5
"10";"WINTERBERG";198;7
"11";"OBERELSBACH";194;5
"12";"MÜNSTER-SARMSHEIM";145;14
"13";"ELDENA";164;0
"14";"OBEROSTENDORF";113;8
"15";"NORDGERMERSLEBEN";38;16
"16";"SCHÖNAU";33;6
"17";"ERLIGHEIM";185;8
"18";"FORCHTENBERG";76;8
"19";"RONSBERG";38;8
"20";"JAHNSBACH";194;7
"21";"SCHWABSTEDT";171;9
"22";"BREHNA";38;6
"23";"OSTERBURKEN";38;11
"24";"HEINSEN";38;7
"25";"UELZEN";38;6
"26";"BARUM";38;5
"27";"ATTENDORN";113;4
"28";"BEUREN (HOCHWALD)";115;0
"29";"EICHSTÄTT";38;9
"30";"SELIGENTHAL";25;9
"31";"WIPPRA";38;6
"32";"PLIENING";38;8
"33";"THEDINGHAUSEN";12;11
"34";"HOHBERG";98;5
"35";"NEUHOFEN";45;0
"36";"IMMENSTAAD AM BODENSEE";38;22
"37";"SPEYER";38;6
"38";"WESTERLAND";38;10
"39";"DORNHAN";33;6
"40";"HAUSEN";12;4
"41";"HENNEF (SIEG)";38;13
"42";"HEUSTREU";38;8
"43";"STOTTERNHEIM";185;9
"44";"NOTTULN";38;7
"45";"HASSERODE";38;9
"46";"KÖNIGSWALDE";2;9
"47";"OBERLICHTENAU";122;11
"48";"TARP";38;4
"49";"DASING";85;5
"50";"EPPERTSHAUSEN";90;0
"51";"BATTENBERG (EDER)";76;13
"52";"BRÄUNLINGEN";95;7
"53";"FORSTERN";143;7
"54";"TRABITZ";38;7
"55";"WALLENDORF";113;7
"56";"NEU WULMSTORF";80;9
"57";"EBRACH";38;6
"58";"RADBRUCH";38;8
"59";"BELL (HUNSRÜCK)";38;15
"60";"URACH";38;5
"61";"ÖHRINGEN";95;6
"62";"RATZENHOFEN";45;9
"63";"SCHWETZINGEN";197;8
"64";"RAMSIN";38;6
"65";"BUCH AM BUCHRAIN";38;16
"66";"TRÖGLITZ";64;0
"67";"UETERSEN";38;8
"68";"SCHWARZACH AM MAIN";125;17
"69";"ÜXHEIM";185;5
"70";"SCHWARZENBACH AM WALD";190;18
"71";"WEIL";38;4
"72";"GÜSEN";38;5
"73";"LEIWEN";38;6
"74";"INGOLDINGEN";95;9
"75";"ESCHAU";173;5
"76";"THEMAR";38;6
"77";"NÜSTTAL";38;7
"78";"BAD WIMPFEN";38;11
"79";"DRANGSTEDT";38;10
"80";"HEILIGENHAUS";107;11
"81";"SEELBACH";38;8
"82";"ÜBERSEE";38;7
"83";"VEILSDORF";22;4
"84";"BADEM";38;5
"85";"GERHARDSHOFEN";175;0
"86";"SCHORNDORF";114;4
"87";"SCHALKSMÜHLE";21;12
"88";"KRAILING";38;8
"89";"SIERSHAHN";186;8
"90";"GITTELDE";117;6
"91";"GIEBELSTADT";55;10
"92";"BECHTOLSHEIM";185;11
"93";"HORN-BAD MEINBERG";70;0
"94";"GYHUM";38;3
"95";"NEUHAUS AN DER PEGNITZ";38;22
"96";"ALBERSDORF";86;6
"97";"HERLESHAUSEN";12;10
"98";"NEULER";38;6
"99";"NORDLEDA";38;8
"100";"WENDELSTEIN";32;10
"101";"TOLLWITZ";38;8
"102";"GOSSERSWEILER-STEIN";19;15
"103";"FÜRSTENBERG";76;7
"104";"KLEINOLBERSDORF-ALTENHAIN";86;21
"105";"REICHARTSHAUSEN";90;10
"106";"HOFHEIM IN UNTERFRANKEN";110;22
"107";"TEISNACH";38;8
"108";"NIENBURG";170;7
"109";"GEMÜNDEN AM MAIN";140;14
"110";"ENZKLÖSTERLE";38;12
"111";"ATZENDORF";113;6
"112";"SÜSSEN";38;6
"113";"MENDEN (SAUERLAND)";140;16
"114";"SCHILLINGEN";30;7
"115";"NANDLSTADT";55;9
"116";"MOORBAD LOBENSTEIN";120;16
"117";"WECHINGEN";30;5
"118";"ORTMANNSDORF";61;7
"119";"BLEKENDORF";17;6
"120";"LOSSBURG";146;7
"121";"OBERNZENN";149;7
"122";"DONZDORF";86;6
"123";"NIDDERAU";186;7
"124";"GRANA";33;4
"125";"RHENS";38;5
"126";"LEGAU";38;5
"127";"SALGEN";38;6
"128";"WINHÖRING";38;9
"129";"SCHLUCHSEE";38;10
"130";"AROLSEN";38;7
"131";"GERABRONN";31;8
"132";"BIRKENFELD";147;7
"133";"WERMELSKIRCHEN";81;12
"134";"JORK";38;4
"135";"RIMPAR";38;6
"136";"ICKING";38;6
"137";"WALD-MICHELBACH";38;15
"138";"FAULBACH";38;8
"139";"MIDLUM";38;6
"140";"GREIMERATH";186;9
"141";"LANGLINGEN";102;4
"142";"LÜBBENAU";33;7
"143";"GERNSBACH";194;7
"144";"HILTENFINGEN";95;10
"145";"FALKENSEE";38;9
"146";"BREUBERG";144;0
"147";"KARSTÄDT";38;8
"148";"STADE";38;5
"149";"ELLENBERG";76;5
"150";"BUSECK";38;6
"151";"MAGSTADT";55;7
"152";"WIEHL";38;5
"153";"STUTTGART";84;0
"154";"OSTRITZ";38;7
"155";"NITTENDORF";113;3
"156";"BUXHEIM";185;6
"157";"GACHENBACH";190;7
"158";"HÜTTENBERG";76;6
"159";"THUMITZ";38;3
"160";"HÖCHHEIM";185;7
"161";"RHEDEN";38;6
"162";"TEMPLIN";38;7
"163";"OBERKOTZAU";38;10
"164";"HINTE";38;5
"165";"BAD BENTHEIM";106;11
"166";"VOLKACH";49;0
"167";"BURGKUNSTADT";55;11
"168";"GRIESBACH IM ROTTAL";194;17
"169";"MELDORF";86;5
"170";"MEHRSTETTEN";101;0
"171";"HOHENPEISSENBERG";76;12
"172";"TEUCHERN";143;7
"173";"WERNECK";143;6
"174";"FREUDENBURG";170;10
"175";"RAINAU";33;5
"176";"THIERHAUPTEN";186;11
"177";"WENDISCH EVERN";143;13
"178";"BUCHHOLZ IN DER NORDHEIDE";116;23
"179";"WERL";38;4
"180";"KIRCHENPINGARTEN";16;13
"181";"GLASHÜTTEN";117;8
"182";"ZELLERTAL";38;9
"183";"EBELEBEN";38;8
"184";"EITERFELD";133;7
"185";"HENNWEILER";19;8
"186";"LEUBSDORF";86;5
"187";"ZAISENHAUSEN";107;7
"188";"HOHENDODELEBEN";38;14
"189";"NEUENBURG AM RHEIN";170;17
"190";"DACHSBACH";194;7
"191";"GREMERSDORF";86;7
"192";"BÜHLERZELL";38;10
"193";"PÖRNBACH";190;7
"194";"DORNBURG";135;7
"195";"KÖNIGS WUSTERHAUSEN";9;15
"196";"ARNBRUCK";38;8
"197";"SOMMERKAHL";3;7
"198";"CASTROP-RAUXEL";15;13
"199";"MOORENWEIS";125;9
"200";"SCHELLERTEN";47;9
"201";"LENGENWANG";102;6
"202";"HEIDE";38;5
"203";"GLONN";31;0
"204";"JONSDORF";86;4
"205";"PIRNA";38;5
"206";"KRIEGSFELD";147;9
"207";"HEININGEN";95;7
"208";"RÜCKERSDORF";86;7
"209";"GROSSROSSELN";23;11
"210";"WESTERRÖNFELD";147;10
"211";"SCHIERSTEDT";74;7
"212";"RHEINFELDEN (BADEN)";176;0
"213";"LINDAU";140;4
"214";"HERDECKE";180;0
"215";"BÜDDENSTEDT";38;11
"216";"GEISELHÖRING";97;9
"217";"HASEL";83;2
"218";"UPGANT-SCHOTT";38;13
"219";"RÖDERSHEIM-GRONAU";33;16
"220";"LANGENHAGEN";28;0
"221";"GERZEN";38;6
"222";"ALHEIM";106;5
"223";"MARKTL";38;6
"224";"EGMATING";104;0
"225";"DINSLAKEN";38;9
"226";"HOHENTHURM";38;8
"227";"LIMESHAIN";38;9
"228";"SIERKSDORF";86;6
"229";"NORTORF";80;5
"230";"FLONHEIM";185;3
"231";"AU IN DER HALLERTAU";38;19
"232";"OELSA";38;5
"233";"PLATTLING";4;0
"234";"WITTEN";117;0
"235";"ZEITLARN";38;8
"236";"EICHENZELL";149;8
"237";"QUEIDERSBACH";196;0
"238";"UTTING AM AMMERSEE";193;16
"239";"WISCHHAFEN";38;10
"240";"SCHWEBHEIM";185;9
"241";"HOMBURG";170;4
"242";"GÖDA";38;4
"243";"LOBSTÄDT";38;8
"244";"WIRDUM";38;6
"245";"DITFURT";181;4
"246";"MARKTOBERDORF";79;0
"247";"NÜDLINGEN";95;5
"248";"PÖSSNECK";38;8
"249";"URMITZ";38;6
"250";"SEEHEIM-JUGENHEIM";185;14
"251";"BÄRENSTEIN";120;8
"252";"EISENBERG (PFALZ)";76;13
"253";"TÖGING AM INN";38;13
"254";"DIETRAMSZELL";186;11
"255";"OSTERBURG";170;8
"256";"STEINBACH";32;8
"257";"GARTZ";161;4
"258";"NITTENAU";122;0
"259";"ELSDORF";22;0
"260";"GROSSSOLT";23;0
"261";"REINSFELD";60;8
"262";"PHILIPPSTHAL (WERRA)";25;20
"263";"NEUHAUS";38;7
"264";"STRULLENDORF";113;9
"265";"BAD BIBRA";38;9
"266";"GOLDBECK";169;6
"267";"ALTÖTTING";38;9
"268";"TRIERWEILER";19;9
"269";"RENCHEN";125;6
"270";"BREIHOLZ";38;8
"271";"EMSDETTEN";117;7
"272";"SEXAU";38;5
"273";"WERDAU";38;6
"274";"HASSFURT";181;5
"275";"BLAUBEUREN";125;9
"276";"EHRENBURG";125;8
"277";"GEHREN";125;5
"278";"ÜHLFELD";147;6
"279";"ESCHEBURG";47;7
"280";"BUTTSTÄDT";38;9
"281";"BANN";38;4
"282";"GORNAU";33;5
"283";"LENGERICH";123;7
"284";"HEMMINGEN";137;2
"285";"PLAIDT";38;6
"286";"SCHÖNBERG";63;7
"287";"STEINHAUSEN AN DER ROTTUM";107;22
"288";"ZOLLING";38;7
"289";"BARSSEL";83;6
"290";"BINSFELD";147;7
"291";"TREDELBURG";170;9
"292";"NONNWEILER";19;8
"293";"HESEL";83;4
"294";"RODEWALD";38;8
"295";"DINGOLSHAUSEN";12;11
"296";"COESFELD";147;7
"297";"HAMBURG";170;0
"298";"BOXDORF";86;5
"299";"ALLERSBERG";38;10
"300";"SPAICHINGEN";30;7
"301";"HÖHR-GRENZHAUSEN";12;14
"302";"MEISSNER";38;8
"303";"GARBSEN";161;6
"304";"CROTTENDORF";113;2
"305";"LANGEN";102;0
"306";"ACHSLACH";38;8
"307";"ALLENDORF (EDER)";113;13
"308";"BITBURG";170;6
"309";"SCHÖNKIRCHEN";81;8
"310";"WALDEMS";38;7
"311";"RULLSTORF";80;5
"312";"DURLANGEN";102;3
"313";"LEIMEN";38;6
"314";"HAMMAH";193;2
"315";"SCHAFFLUND";38;10
"316";"TROSTBERG";38;9
"317";"PETTING";38;7
"318";"SCHÖNWALDE";38;10
"319";"SIEK";38;4
"320";"SCHLÜSSELFELD";83;12
"321";"PANSCHWITZ";38;10
"322";"WARBERG";125;6
"323";"BERGLERN";143;7
"324";"FRIEDRICHSTHAL";96;8
"325";"LICHTENFELS";133;9
"326";"HALLBACH";38;8
"327";"ESSENBACH";190;6
"328";"NATTHEIM";106;7
"329";"KÖNIGSHAIN";9;8
"330";"EROLZHEIM";185;8
"331";"SANKT AUGUSTIN";38;14
"332";"POLKENBERG";20;0
"333";"MÖLLN";38;5
"334";"ANNAHÜTTE";75;0
"335";"RHEINBACH";187;7
"336";"NIEDERODERWITZ";200;12
"337";"MEISENHEIM";185;7
"338";"NUSSDORF";86;4
"339";"WILBURGSTETTEN";101;11
"340";"LICH";38;4
"341";"EVESSEN";38;7
"342";"WEIGMANNSDORF";61;0
"343";"ALTENSTADT";55;9
"344";"UNSEBURG";170;7
"345";"BAD LIEBENSTEIN";167;10
"346";"KRÖNING";38;7
"347";"SASSENBERG";76;6
"348";"RODEWISCH";38;9
"349";"SCHLEIZ";38;7
"350";"ALTENMARKT AN DER ALZ";38;21
"351";"ROSDORF";86;1
"352";"AUGUSTUSBURG";146;11
"353";"LANGENAU";102;2
"354";"BRETZENHEIM";148;7
"355";"LEUTENBACH";190;7
"356";"LAUFEN";38;6
"357";"JESBERG";38;7
"358";"ÖLBRONN-DÜRRN";31;12
"359";"ALTENWEDDINGEN";95;12
"360";"ILSFELD";147;6
"361";"GLOSSEN";31;6
"362";"GILLENFELD";147;7
"363";"PLEYSTEIN";32;8
"364";"GUNTERSBLUM";110;10
"365";"FRIESOYTHE";38;10
"366";"SIGMARSZELL";38;11
"367";"ELLHOFEN";45;6
"368";"MÖNSHEIM";185;7
"369";"ZEISKAM";38;7
"370";"SCHLÜCHTERN";143;10
"371";"PERLEBERG";38;9
"372";"MOOSTHENNING";38;12
"373";"LINDEWITT";140;5
"374";"ERDMANNSDORF";61;7
"375";"NEUSTADT";55;7
"376";"HINTERSCHMIDING";30;15
"377";"FULDA";38;5
"378";"BRETNIG";38;7
"379";"EGGEBEK";38;7
"380";"ASENDORF";113;5
"381";"NORTHEIM";72;7
"382";"SCHWANEWEDE";38;11
"383";"WESENBERG";76;5
"384";"WHEDERAU";186;7
"385";"ANDERNACH";143;8
"386";"OELSNITZ";118;6
"387";"KÖDITZ";38;6
"388";"WÜLFRATH";38;8
"389";"HÜTSCHENHAUSEN";107;9
"390";"GAILDORF";86;6
"391";"RINGSHEIM";185;8
"392";"GRATTERSDORF";136;6
"393";"DEUTSCHNEUDORF";86;12
"394";"TARMSTEDT";38;9
"395";"LANGEBRÜCK";102;6
"396";"NASSAU";38;6
"397";"MESSSTETTEN";101;8
"398";"HÖRNUM (SYLT)";78;0
"399";"HANSTEDT";33;7
"400";"OBERBOBRITZSCH";38;14
"401";"WALDBRUNN (WESTERWALD)";39;21
"402";"LANGENDORF";102;4
"403";"BERNBEUREN";63;8
"404";"UETTINGEN";95;7
"405";"OCHTRUP";38;7
"406";"EPPENBRUNN";39;9
"407";"HAIMHAUSEN";12;0
"408";"GROSSALMERODE";23;12
"409";"WARIN";125;4
"410";"ALLSTEDT";38;8
"411";"KEHL";38;4
"412";"DIETERSBURG";146;10
"413";"KONRADSREUTH";38;12
"414";"GRABEN";38;6
"415";"BÖRNICHEN";38;9
"416";"TREFFELSTEIN";32;11
"417";"HODENHAGEN";28;7
"418";"BORSTEL";38;7
"419";"HOLZKIRCHEN";81;9
"420";"KIRCHHAM";193;6
"421";"TRAUTSKIRCHEN";81;11
"422";"GERDAU";38;6
"423";"WEISSENTHURM";38;10
"424";"BLEICHERODE";38;11
"425";"PRONSTORF";80;5
"426";"UNTERWÖSSEN";110;10
"427";"SCHIERLING";186;9
"428";"LONSEE";31;5
"429";"GILSERBERG";198;7
"430";"SCHWANSTETTEN";101;10
"431";"WOLLBACH";38;8
"432";"LINDEN";140;0
"433";"BORNA";50;4
"434";"OBERNHEIM";185;6
"435";"SPARDORF";86;6
"436";"MECHERNICH";143;9
"437";"BUDENHEIM";185;6
"438";"GROSSBETTINGEN";95;12
"439";"ZIEMETSHAUSEN";90;10
"440";"WINNWEILER";19;8
"441";"KIRCHANSCHÖRING";33;14
"442";"ESSEN";38;5
"443";"WAAL";8;4
"444";"JUIST";38;5
"445";"WUNSIEDEL IM FICHTELGEBIRGE";179;24
"446";"WERTHER (WESTFALEN)";24;0
"447";"BRÖCKEL";38;7
"448";"TREBNITZ";38;8
"449";"HORNEBURG";135;6
"450";"ERDING";38;6
"451";"OLBERNHAU";143;8
"452";"BILLIGHEIM-INGENHEIM";185;17
"453";"NIDDATAL";38;8
"454";"REINHARDSHAGEN";28;13
"455";"BEIMERSTETTEN";101;8
"456";"BECKEDORF";86;7
"457";"SOTTRUM";7;0
"458";"RANTRUM";7;6
"459";"OSBURG";146;5
"460";"LEUTERSHAUSEN";174;7
"461";"ASSLAR";38;6
"462";"STARNBERG";63;5
"463";"ÖTISHEIM";185;7
"464";"TUSSENHAUSEN";107;7
"465";"SEIFERSDORF";86;7
"466";"IRSEE";38;5
"467";"WRIEDEL";179;0
"468";"NAUHEIM";33;6
"469";"NECKARZIMMERN";3;10
"470";"IMMENHAUSEN";107;6
"471";"GAUKÖNIGSHOFEN";9;12
"472";"ALTENAHR";38;8
"473";"HERSBRUCK";38;9
"474";"HEIDENROD";13;7
"475";"GROSS-BIEBERAU";23;13
"476";"NIEDERELBERT";179;11
"477";"PEGNITZ";38;7
"478";"FRIEDRICHSTADT";96;8
"479";"MONHEIM";185;0
"480";"SYKE";38;4
"481";"HATTINGEN";95;7
"482";"OBERHAID";38;8
"483";"GEVELSBERG";38;10
"484";"BOGEN";38;5
"485";"KIRRWEILER (PFALZ)";19;16
"486";"MAINLEUS";38;8
"487";"SEEBURG";170;6
"488";"OLDENDORF";113;6
"489";"WANKENDORF";17;0
"490";"NEUTREBBIN";38;10
"491";"PLETTENBERG";76;7
"492";"DISCHINGEN";30;0
"493";"DORMITZ";38;7
"494";"KIRCHHEIM AM RIES";162;0
"495";"OBERWESEL";83;8
"496";"REICHENBACH-STEEGEN";103;16
"497";"EBRINGEN";95;6
"498";"GRIESHEIM";185;8
"499";"WEILER-SIMMERBERG";132;0
"500";"MERDINGEN";95;7
"501";"BARDOWICK";38;9
"502";"LABOE";38;5
"503";"WORBIS";38;6
"504";"THANNHAUSEN";107;8
"505";"KOBLENZ";149;5
"506";"BURGSINN";170;7
"507";"NAGEL";38;5
"508";"ALTENKREMPE";38;11
"509";"ERXLEBEN";38;8
"510";"ERKRATH";38;7
"511";"OFTERSHEIM";185;9
"512";"KIRSCHAU";173;7
"513";"NIERSTEIN";32;8
"514";"SCHWÄBISCH HALL";38;15
"515";"NEUSTADT (WIED)";55;14
"516";"GOTTESZELL";38;10
"517";"SALDENBURG";164;8
"518";"BESIGHEIM";185;8
"519";"RHEINZABERN";68;0
"520";"SCHÖNAU AN DER BREND";33;19
"521";"LICHTENFELS";133;9
"522";"RATTISZELL";38;10
"523";"SELBITZ";83;6
"524";"KRAFTSDORF";86;6
"525";"LAUBUSCH";38;8
"526";"KREBA-NEUDORF";86;11
"527";"BORSTEL-HOHENRADEN";89;0
"528";"STÖRNSTEIN";120;8
"529";"EBERDINGEN";95;8
"530";"DUNUM";38;5
"531";"EITELBORN";50;6
"532";"MARIENMÜNSTER";145;10
"533";"BAD WURZACH";38;11
"534";"FELDAFING";44;0
"535";"POLLE";38;5
"536";"RÜGLAND";38;7
"537";"KAMPEN (SYLT)";58;11
"538";"MÖDINGEN";95;6
"539";"GESSERTSHAUSEN";159;0
"540";"HEESLINGEN";95;6
"541";"GAUERNITZ";143;6
"542";"SALZHAUSEN";12;8
"543";"HOCHDONN";31;7
"544";"LANGENZENN";102;4
"545";"NEUSCHOO";38;8
"546";"UNTERFÖHRING";110;11
"547";"STRASSBERG";111;0
"548";"NEUKAMPERFEHN";58;11
"549";"DEDELEBEN";179;8
"550";"STAPELFELD";147;9
"551";"SCHLIENGEN";123;6
"552";"LANDKIRCHEN AUF FEHMARN";81;21
"553";"MÜNSTERHAUSEN";145;10
"554";"ALTENBURG";170;8
"555";"LAMSPRINGE";127;5
"556";"KÖNIGSBRUNN";9;9
"557";"SCHILTBERG";38;10
"558";"MERZEN";38;6
"559";"MOGENDORF";113;6
"560";"TORNESCH";135;7
"561";"RÖLLBACH";38;8
"562";"KÖRNER";38;6
"563";"EISLEBEN";38;8
"564";"HEIDGRABEN";38;10
"565";"SEEBAD AHLBECK";38;14
"566";"SIMMERN";3;4
"567";"LEBUS";38;5
"568";"LAUINGEN (DONAU)";95;14
"569";"ELSTERBERG";198;7
"570";"CAPPELN (OLDENBURG)";10;11
"571";"OKRILLA";38;7
"572";"STOLBERG";38;8
"573";"UNTERREIT";110;0
"574";"WEIDENBACH";103;3
"575";"GEROLZHOFEN";45;9
"576";"PEINE";38;5
"577";"HARSEFELD";100;0
"578";"WEILERSBACH";19;9
"579";"BIRKENHEIDE";1;9
"580";"GÖTTINGEN";95;7
"581";"ZELLA-MEHLIS";38;12
"582";"PLÖN";38;4
"583";"REDWITZ AN DER RODACH";199;20
"584";"REICHENAU";33;8
"585";"OTTERFING";85;8
"586";"PARKSTETTEN";101;8
"587";"OBERASBACH";194;8
"588";"HÖCHSTADT AN DER AISCH";73;17
"589";"MINDEN";140;2
"590";"GREIZ";38;5
"591";"WAREN";125;0
"592";"KÜRTEN";72;5
"593";"BREY";38;4
"594";"KASEL";83;0
"595";"RÖTHENBACH AN DER PEGNITZ";199;18
"596";"GOTTMADINGEN";95;10
"597";"SAAL AN DER DONAU";199;8
"598";"POTSDAM";58;5
"599";"MÖGLINGEN";95;5
"600";"CREGLINGEN";95;6
"601";"FRIEDEBURG";179;7
"602";"MÜCKE";38;5
"603";"RHODT UNTER RIETBURG";110;19
"604";"MASSBACH";194;6
"605";"METZINGEN";95;7
"606";"MERZDORF";86;6
"607";"MÜNSTER";145;4
"608";"IMMENDINGEN";123;7
"609";"COPPENBRÜGGE";183;0
"610";"AMORBACH";36;8
"611";"ENSDORF";86;3
"612";"STULLN";38;6
"613";"BAD LIEBENZELL";167;9
"614";"OSTBEVERN";143;8
"615";"BRAND";38;5
"616";"SCHONACH IM SCHWARZWALD";125;22
"617";"SOMMERHAUSEN";3;9
"618";"BERG BEI NEUMARKT";38;17
"619";"MULFINGEN";95;7
"620";"NIEDERWÜRSCHNITZ";179;15
"621";"OSDORF";86;0
"622";"INCHENHOFEN";45;9
"623";"NECKARTENZLINGEN";95;12
"624";"BUSDORF";86;3
"625";"NORDSTEMMEN";38;11
"626";"GROSSKAROLINENFELD";147;15
"627";"HERINGEN (WERRA)";95;14
"628";"WÄSCHENBEUREN";47;11
"629";"BODELSHAUSEN";12;10
"630";"GUNDELSHEIM";185;10
"631";"OYBIN";38;5
"632";"EBERSDORF";86;5
"633";"GUNDELFINGEN";97;9
"634";"WILKAU-HASSLAU";105;0
"635";"HESSEN";38;6
"636";"ZIESAR";38;6
"637";"AUGUSTDORF";86;8
"638";"HATTENHOFEN";45;9
"639";"MUHR AM SEE";5;10
"640";"STAIG";38;5
"641";"GENGENBACH";123;6
"642";"KURORT HARTHA";128;0
"643";"NUFRINGEN";95;7
"644";"BOPFINGEN";95;7
"645";"ENGEN";123;1
"646";"OSNABRÜCK";38;9
"647";"LINDEN";140;0
"648";"STADELHOFEN";45;9
"649";"CELLE";38;5
"650";"BURKAU";38;6
"651";"DORNUM";135;5
"652";"GEROLSHEIM";185;9
"653";"UMKIRCH";69;6
"654";"WEINBÖHLA";38;9
"655";"MÖNCHSDEGGINGEN";95;13
"656";"NERCHAU";173;0
"657";"RÖFINGEN";95;6
"658";"MIESBACH";194;6
"659";"VLOTHO";38;6
"660";"PFATTER";38;7
"661";"WURMBERG";38;8
"662";"LYCHEN";38;6
"663";"WIEHE";38;5
"664";"HILPOLTSTEIN";32;11
"665";"DIEBURG";170;6
"666";"REMSHALDEN";164;8
"667";"KRONACH";38;7
"668";"SERSHEIM";185;7
"669";"LAUPHEIM";185;7
"670";"MARL";38;4
"671";"MÜHLINGEN";95;5
"672";"OHORN";135;0
"673";"MÖRLENBACH";190;7
"674";"WEIDEN IN DER OBERPFALZ";158;16
"675";"LEIBERTINGEN";66;9
"676";"FRAUNBERG";63;7
"677";"OBRIGHEIM";185;8
"678";"NIEHEIM";185;6
"679";"GÖRMIN";38;6
"680";"ROSSDORF";86;4
"681";"REHFELDE";164;6
"682";"WERTHEIM";72;7
"683";"VOLTLAGE";38;8
"684";"OLDENSWORT";164;8
"685";"LANGENLEUBA-NIEDERHAIN";102;16
"686";"SCHORNSHEIM";135;8
"687";"APPENWEIER";186;9
"688";"LUCKAU";38;6
"689";"FURTH";181;0
"690";"BEESTEN";38;7
"691";"BURGWALD";170;7
"692";"ROSSBACH";194;6
"693";"UNTERAMMERGAU";182;0
"694";"WEISKIRCHEN";81;9
"695";"PFOFELD";147;6
"696";"GANGELT";102;5
"697";"EMMERING";3;7
"698";"MELLENSEE";38;9
"699";"LECK";38;4
"700";"LINZ AM RHEIN";68;12
"701";"BRAUNFELS";147;8
"702";"LÜTJENSEE";54;8
"703";"JOSSGRUND";26;7
"704";"HAUNETAL";38;8
"705";"COLMBERG";38;8
"706";"WELSCHBILLIG";38;12
"707";"GROSS WOKERN";23;11
"708";"EBERSBACH-MUSBACH";194;15
"709";"REUTE";38;5
"710";"BOCKHORN";135;5
"711";"OBERMOSCHEL";47;9
"712";"MONZELFELD";147;9
"713";"MAULBRONN";31;8
"714";"BREITENBRUNN";39;11
"715";"WILTHEN";38;7
"716";"LANGENFELD (RHEINLAND)";102;16
"717";"LAUTENBACH";190;7
"718";"LEONBERG";63;6
"719";"VÖLPKE";38;6
"720";"RUPPERSDORF";86;7
"721";"TRIEFENSTEIN";156;0
"722";"WIDDERN";143;6
"723";"LEHMEN";38;6
"724";"BÖTZOW";38;6
"725";"BOCHUM";38;4
"726";"HÜRUP";38;5
"727";"DAUSENAU";33;7
"728";"SCHWEINA";38;8
"729";"ASPERG";38;6
"730";"MONSCHAU";173;7
"731";"BOTTENDORF";113;1
"732";"CRIVITZ";38;7
"733";"EBERSBACH AN DER FILS";199;14
"734";"KIRKEL";38;6
"735";"WONNEBERG";31;8
"736";"BÜCKEN";38;6
"737";"DORNUMERSIEL";135;11
"738";"QUICKBORN";50;8
"739";"ROSENDAHL";38;9
"740";"UEHRDE";38;6
"741";"GROSS-ROHRHEIM";37;10
"742";"ZENTING";38;7
"743";"NAGOLD";169;0
"744";"HASSELROTH";83;9
"745";"STEINHEIM AN DER MURR";185;18
"746";"WANGEROGGE";102;8
"747";"AURACH";38;6
"748";"HERMESKEIL";38;10
"749";"RÜDERSHAUSEN";174;0
"750";"PENZLIN";38;7
"751";"LEMWERDER";38;9
"752";"AHRENSHAGEN";125;10
"753";"KIRCHHEIM";69;8
"754";"RHEINBROHL";37;10
"755";"BÖRNSEN";38;7
"756";"ÖSTRINGEN";95;7
"757";"HALDENSLEBEN";164;10
"758";"RÖTTENBACH";190;7
"759";"SANGERHAUSEN";12;10
"760";"DORNDORF";114;0
"761";"KÖNIGSTEIN";9;0
"762";"SCHÖNAU";33;6
"763";"WETTRINGEN";95;8
"764";"ASCHERSLEBEN";47;10
"765";"BERNHARDSWALD";168;0
"766";"HEINERSREUTH";38;12
"767";"SCHOBÜLL";38;8
"768";"RÜSSELSHEIM";83;10
"769";"GLATTBACH";38;9
"770";"MÜHLHAUSEN";12;8
"771";"BAD REICHENHALL";42;14
"772";"KÖNIGSBACH-STEIN";9;8
"773";"SCHÖNECK";38;8
"774";"WEDEL (HOLSTEIN)";32;15
"775";"ELZ";38;3
"776";"NEUMARK";38;7
"777";"EGGINGEN";95;6
"778";"LEHNIN";38;6
"779";"RIEDERICH";179;6
"780";"MERING";38;6
"781";"FRÖNDENBERG";76;7
"782";"NEUNKIRCHEN AM BRAND";81;14
"783";"RATHENOW";38;8
"784";"LONNERSTADT";31;8
"785";"SCHÖNHEIDE";192;0
"786";"STADTOLDENDORF";113;11
"787";"ZWENKAU";38;7
"788";"FRIEDERSDORF";86;8
"789";"SCHWABACH";38;9
"790";"STEINAU";32;6
"791";"SILBERSTEDT";74;7
"792";"WILMSHEIM";185;8
"793";"GREIFSWALD";27;0
"794";"OELDE";164;3
"795";"NEUKIRCH";69;7
"796";"WEISWEIL";19;8
"797";"RIED";179;3
"798";"TORGAU";38;6
"799";"DÜRRLAUINGEN";95;10
"800";"REICHENBACH";103;8
"801";"ROTTENBUCH";117;8
"802";"KÖNIGSTEIN IM TAUNUS";9;10
"803";"JETZENDORF";148;6
"804";"BAD SCHMIEDEBERG";179;15
"805";"RÖTHENBACH (ALLGÄU)";190;16
"806";"BELUM";38;5
"807";"ALLENSBACH";194;8
"808";"VIESELBACH";83;9
"809";"KALTENTAL";71;8
"810";"VOLKSTEDT";49;8
"811";"AU AM RHEIN";37;11
"812";"HOCHDORF";86;6
"813";"EPPINGEN";95;6
"814";"PFRONTEN";177;0
"815";"WALDALGESHEIM";185;12
"816";"HERZFELDE";164;7
"817";"FORCHHEIM";69;6
"818";"NERSINGEN";139;5
"819";"LAUENHAGEN";28;7
"820";"SINN";38;4
"821";"LANGENBRETTACH";102;8
"822";"WEITERSBURG";146;10
"823";"TESSIN";38;6
"824";"HERZOGENAURACH";33;13
"825";"BOBBAU";141;5
"826";"BREITBRUNN AM CHIEMSEE";39;21
"827";"LEIMEN";38;6
"828";"ROTTENDORF";113;1
"829";"JEMBKE";38;6
"830";"KETSCH";38;6
"831";"BOCKHORN";135;5
"832";"GARMISCH-PARTENKIRCHEN";153;0
"833";"KALLMÜNZ";38;8
"834";"EGGSTÄTT";38;8
"835";"EIBELSTADT";55;9
"836";"KÖTHEN";38;6
"837";"WEEZE";38;5
"838";"TÜSSLING";38;8
"839";"LÜTZELBACH";54;7
"840";"RUNDING";38;7
"841";"GROSS KUMMERFELD";3;15
"842";"BÜTTHARD";38;8
"843";"CREUZBURG";170;8
"844";"NEUENKIRCHEN";81;0
"845";"OSTSEEBAD GRAAL";8;15
"846";"HEIMBUCHENTHAL";52;0
"847";"BREITUNGEN";88;0
"848";"HASLOCH";38;7
"849";"ZEULENRODA";108;0
"850";"RÖMERBERG";198;0
"851";"WENTORF BEI HAMBURG";170;12
"852";"UNTERHACHING";110;11
"853";"MESCHEDE";47;6
"854";"HETTSTADT";55;0
"855";"VÖHRINGEN";95;7
"856";"NAUEN";33;4
"857";"HOCHSTETTEN-DHAUN";101;14
"858";"MÖNCHSROTH";38;10
"859";"BANNESDORF AUF FEHMARN";86;18
"860";"AYING";38;5
"861";"BERGHÜLEN";38;9
"862";"KAMP-LINTFORT";58;11
"863";"LINGENFELD";95;6
"864";"LIEDERBACH";36;0
"865";"WEHRSDORF";86;5
"866";"OTTERSWEIER";186;10
"867";"HANDEWITT";117;7
"868";"BRUCKBERG";38;9
"869";"WEHRETAL";189;0
"870";"BAD LAUTERBERG IM HARZ";198;19
"871";"WESTERSTETTEN";101;8
"872";"WECHMAR";38;7
"873";"HERBSTEIN";32;8
"874";"PRISDORF";6;0
"875";"KLEINKAHL";38;9
"876";"WILDENBERG";76;6
"877";"BRIGACHTAL";112;9
"878";"SAGARD";161;1
"879";"BÜRSTADT";55;7
"880";"KLUSSIEDLUNG";38;12
"881";"SCHWEDENECK";38;11
"882";"HAVIXBECK";38;9
"883";"WÖHRDEN";38;7
"884";"BÜRGSTADT";55;8
"885";"GERMERSHEIM";185;10
"886";"LÖCHGAU";38;7
"887";"THURMANSBANG";38;10
"888";"AISLINGEN";95;5
"889";"DITTERSBACH";117;9
"890";"MÜHLENBECK";21;0
"891";"ESCHWEGE";38;8
"892";"REINSDORF";60;0
"893";"SODERSTORF";138;0
"894";"BERUMBUR";170;7
"895";"SCHIRGISWALDE";2;13
"896";"BISINGEN";139;2
"897";"PATERSDORF";136;0
"898";"SCHLOTHEIM";106;9
"899";"MANSFELD";147;7
"900";"LENZEN";149;0
"901";"AICHACH";38;7
"902";"BARNSTÄDT";48;6
"903";"STIMPFACH";38;9
"904";"WERNSHAUSEN";12;9
"905";"EDEWECHT";38;8
"906";"HILDEN";164;4
"907";"BEUTELSBACH";194;5
"908";"BRAUNSCHWEIG";152;0
"909";"PEISSEN";38;7
"910";"PFRONSTETTEN";177;8
"911";"ZINNA";38;5
"912";"SCHWENNINGEN";197;0
"913";"STELLE";38;6
"914";"FRIELENDORF";113;8
"915";"SAALOW";8;0
"916";"VILLMAR";38;7
"917";"GEBHARDSHAIN";38;12
"918";"CRINITZ";38;7
"919";"BEVERSTEDT";74;0
"920";"MEMMINGEN";137;0
"921";"DIERA";186;0
"922";"BAD NENNDORF";86;10
"923";"MESSEL";83;5
"924";"BÖBRACH";38;7
"925";"FÜRSTENSTEIN";120;10
"926";"NEUSTADT AM MAIN";55;15
"927";"SCHLAITDORF";86;9
"928";"LUNDEN";140;4
"929";"CRIMMITSCHAU";173;11
"930";"OBERSEIFERSDORF";86;11
"931";"WINDHAUSEN";12;8
"932";"NEHREN";125;5
"933";"REGEN";38;5
"934";"HÖCHSTÄDT BEI THIERSHEIM";185;23
"935";"OEREL";38;5
"936";"LAGE";38;4
"937";"NEUSTADT AN DER DONAU";73;0
"938";"WITTLICH";117;6
"939";"HASSEL";83;5
"940";"FRIDOLFING";134;8
"941";"LEINACH";38;7
"942";"SALLGAST";51;7
"943";"ANKUM";38;5
"944";"HAINICHEN";38;9
"945";"SACHSEN BEI ANSBACH";194;17
"946";"SAARLOUIS";8;9
"947";"WEISSENBRUNN";39;11
"948";"HEMSLINGEN";95;6
"949";"SAULHEIM";106;7
"950";"LÜCHOW";38;6
"951";"GRÄFENHAIN";38;10
"952";"FREUDENBERG";76;7
"953";"HUNDING";38;7
"954";"WEISCHLITZ";38;10
"955";"SPREENHAGEN";28;8
"956";"RIELASINGEN-WORBLINGEN";95;18
"957";"LANGENBERG";102;4
"958";"HUDE (OLDENBURG)";10;0
"959";"KÖNIGSTEIN";9;0
"960";"SCHLADEN";38;8
"961";"OELIXDORF";86;7
"962";"RODING";38;6
"963";"KRAKOW AM SEE";5;0
"964";"KÖNIGSWINTER";9;10
"965";"HÖRSTEL";38;7
"966";"BREIDENBACH";103;0
"967";"MALTERDINGEN";95;10
"968";"BROMBACHTAL";112;0
"969";"KISSING";85;6
"970";"SULZBACH (TAUNUS)";14;0
"971";"MUNZIG";38;6
"972";"EIME";38;4
"973";"HERZLAKE";59;0
"974";"NESCHWITZ";38;9
"975";"BEELEN";57;0
"976";"AMTZELL";38;7
"977";"EISINGEN";139;0
"978";"BURGRIEDEN";179;7
"979";"LADBERGEN";38;9
"980";"DOBERSCHAU";173;9
"981";"GROSSRINDERFELD";140;13
"982";"AUENWALD";38;8
"983";"REGENSBURG";146;9
"984";"BINDLACH";38;8
"985";"SIMONSWALD";27;10
"986";"POCKING";38;7
"987";"BAD IBURG";170;8
"988";"KISDORF";6;3
"989";"KIENBERG";76;0
"990";"LENNESTADT";55;9
"991";"RIMSTING";38;8
"992";"WAISCHENFELD";147;9
"993";"REMLINGEN";95;5
"994";"BRUCHSAL";38;8
"995";"WONFURT";181;4
"996";"MÜHLANGER";102;5
"997";"SCHUTTERWALD";38;12
"998";"LUPPA";38;5
"999";"HITZHOFEN";45;7
"1000";"WYHL";38;4
"1001";"BORSDORF";86;4
"1002";"SANDERSLEBEN";38;12
"1003";"BRUCHKÖBEL";38;10
"1004";"PLUWIG";157;0
"1005";"SCHONDORF AM AMMERSEE";86;19
"1006";"LANGENARGEN";102;5
"1007";"BAD ELSTER";38;10
"1008";"ALTLANDSBERG";38;12
"1009";"SASSENBURG";170;9
"1010";"BÜTTELBORN";50;7
"1011";"SOLTENDIECK";186;10
"1012";"HALBLECH";38;8
"1013";"KERNEN IM REMSTAL";143;16
"1014";"ESCHENLOHE";47;8
"1015";"RAVENSBURG";146;9
"1016";"LÖBAU";141;0
"1017";"BISCHOFFEN";38;10
"1018";"BERGEN";38;6
"1019";"BAD KISSINGEN";139;9
"1020";"STAUDERNHEIM";185;9
"1021";"RITTERSGRÜN";117;9
"1022";"SANKT KATHARINEN BEI NEUWIED";38;28
"1023";"BURGSTETTEN";101;8
"1024";"PUTZKAU";38;7
"1025";"DITTELSHEIM-HESSLOCH";155;0
"1026";"ALTSHAUSEN";90;7
"1027";"MARKDORF";86;6
"1028";"REINFELD (HOLSTEIN)";147;14
"1029";"GRÖNWOHLD";38;9
"1030";"KÖNIGSMOOS";9;8
"1031";"HERBSLEBEN";38;10
"1032";"HAIDMÜHLE";21;9
"1033";"NORTMOOR";38;8
"1034";"NEUENHAUS";107;8
"1035";"POSSENDORF";113;7
"1036";"KOLBINGEN";95;7
"1037";"SOSA";38;4
"1038";"ZELL IM WIESENTAL";129;14
"1039";"HAINA (KLOSTER)";38;15
"1040";"ENSE";38;4
"1041";"SONNEBERG";31;8
"1042";"WADDEWEITZ";11;0
"1043";"HOHENLEUBEN";38;11
"1044";"GOMMERN";3;0
"1045";"HERSCHBACH";43;0
"1046";"PASSAU";38;6
"1047";"BUCKENHOF";1;9
"1048";"BURGLENGENFELD";29;0
"1049";"HÜNSTETTEN";101;7
"1050";"KLEIN NORDENDE";140;12
"1051";"PARCHIM";69;6
"1052";"AHNATAL";92;5
"1053";"KÜPS";38;4
"1054";"GERSDORF";86;4
"1055";"BLUMBERG";38;8
"1056";"GRIMMA";38;6
"1057";"ERKNER";38;6
"1058";"LANGWEDEL";119;0
"1059";"UNKEL";38;5
"1060";"KÖLLN-REISIEK";38;13
"1061";"BALVE";38;5
"1062";"BASTHEIM";51;7
"1063";"DÜSSELDORF";86;8
"1064";"DEMITZ";38;6
"1065";"OBERNBURG AM MAIN";143;16
"1066";"LANGENSTEIN";102;5
"1067";"WEHR";37;4
"1068";"BELM";38;4
"1069";"ECHZELL";38;7
"1070";"UNTERNEUKIRCHEN";81;11
"1071";"MARKRANSTÄDT";38;12
"1072";"MICHELAU IN OBERFRANKEN";17;23
"1073";"MICHELSTADT";55;10
"1074";"ORSINGEN-NENZINGEN";139;14
"1075";"OBERNDORF AM LECH";114;13
"1076";"FRAUENHAIN";38;10
"1077";"WERBACH";36;5
"1078";"HOHENROTH";13;9
"1079";"RÖMHILD";38;7
"1080";"BIRKEN-HONIGSESSEN";38;18
"1081";"STEINSFELD";32;9
"1082";"WUPPERTAL";38;9
"1083";"WIETZENDORF";148;7
"1084";"VELDEN";164;2
"1085";"LANGGÖNS";102;6
"1086";"MUTLANGEN";102;3
"1087";"HANAU";33;0
"1088";"NEUSTADT AN DER WALDNAAB";73;13
"1089";"ATTING";38;6
"1090";"ELCHINGEN";30;5
"1091";"EVERSWINKEL";38;11
"1092";"SCHWABHAUSEN BEI DACHAU";12;21
"1093";"MARQUARTSTEIN";32;12
"1094";"LEGDEN";38;6
"1095";"VECKENSTEDT";1;11
"1096";"EDIGER-ELLER";124;0
"1097";"HATTERSHEIM AM MAIN";185;18
"1098";"STRAHWALDE";38;10
"1099";"EBERNHAHN";143;8
"1100";"GROSSHENNERSDORF";86;12
"1101";"VALLEY";38;6
"1102";"GLESIEN";38;7
"1103";"LUDWIGSHAFEN AM RHEIN";37;21
"1104";"EMSTEK";38;6
"1105";"EINBECK";21;7
"1106";"MALCHOW";38;7
"1107";"RADIBOR";38;7
"1108";"LAMBSHEIM";185;8
"1109";"NEUKIRCHEN";81;6
"1110";"ARNSDORF";163;3
"1111";"WOLPERTSWENDE";38;13
"1112";"STEINEBACH";32;9
"1113";"TRUSETAL";26;8
"1114";"REBESGRÜN";26;7
"1115";"FRIEDRICHSHAFEN";96;9
"1116";"BELLENBERG";76;6
"1117";"STEINBERGKIRCHE";56;0
"1118";"KÖNIGHEIM";185;8
"1119";"REMSECK AM NECKAR";38;17
"1120";"GAMMERTINGEN";66;9
"1121";"HOHENAU";33;6
"1122";"WILLANZHEIM";185;10
"1123";"TRECHTINGSHAUSEN";12;14
"1124";"UNTEREGG";110;7
"1125";"ALTENSTADT";55;9
"1126";"HAMMERBRÜCKE";193;8
"1127";"RIEDEN";179;3
"1128";"WIESENBAD";129;0
"1129";"MARIENHAFE";38;10
"1130";"FREYENSTEIN";120;9
"1131";"NORDHOLZ";38;8
"1132";"ROLLSHAUSEN";12;9
"1133";"BARNEBERG";38;9
"1134";"BRIESKOW-FINKENHEERD";47;18
"1135";"EMDEN";38;5
"1136";"OBERSTENFELD";147;9
"1137";"BELTHEIM";106;7
"1138";"OBERRIEDEN";179;7
"1139";"SCHWEIGEN-RECHTENBACH";190;18
"1140";"THUINE";38;4
"1141";"FRONTENHAUSEN";177;7
"1142";"HOLZMADEN";165;0
"1143";"RETTENBACH";190;7
"1144";"HOLLENSTEDT";38;11
"1145";"SCHWÜLPER";38;9
"1146";"BÜLKAU";178;0
"1147";"BRAUNSBACH";194;8
"1148";"RATZEBURG";170;8
"1149";"PRIEN AM CHIEMSEE";38;17
"1150";"WALDENBURG";164;8
"1151";"BREISACH AM RHEIN";37;17
"1152";"BRÜCKEN (PFALZ)";38;15
"1153";"FINSING";85;0
"1154";"OPPENWEILER";19;9
"1155";"KELLINGHUSEN";38;12
"1156";"BOPPARD";38;7
"1157";"SCHWIEBERDINGEN";30;13
"1158";"NIDEGGEN";38;8
"1159";"SCHEYERN";47;6
"1160";"FELDBERG";147;7
"1161";"ETZDORF";86;5
"1162";"BONNDORF IM SCHWARZWALD";86;21
"1163";"WINTRICH";38;8
"1164";"DAUCHINGEN";30;6
"1165";"BARNTRUP";65;0
"1166";"STADTHAGEN";55;9
"1167";"OBERTAUFKIRCHEN";81;13
"1168";"FREIBERG AM NECKAR";38;18
"1169";"AUHAGEN";38;7
"1170";"MITTELSTETTEN";117;9
"1171";"WOLFEGG";38;7
"1172";"FLEIN";38;5
"1173";"NETPHEN";38;7
"1174";"KLOTTEN";117;5
"1175";"AUFHAUSEN";12;7
"1176";"WÖRRSTADT";55;8
"1177";"LIEBENBURG";170;9
"1178";"HÖCHBERG";98;0
"1179";"GMUND AM TEGERNSEE";143;17
"1180";"OBERTRUBACH";38;11
"1181";"HOYM";38;4
"1182";"RAUBACH";38;7
"1183";"FUSSGÖNHEIM";185;8
"1184";"KOBERN-GONDORF";163;11
"1185";"WAGENFELD";147;6
"1186";"ISSUM";38;5
"1187";"PLAUEN";38;6
"1188";"SCHWAIG BEI NÜRNBERG";63;12
"1189";"KATLENBURG-LINDAU";140;15
"1190";"OSTERHOFEN";45;8
"1191";"UNTERSCHNEIDHEIM";110;15
"1192";"WILDESHAUSEN";12;10
"1193";"HORHAUSEN (WESTERWALD)";12;20
"1194";"KANDERN";143;6
"1195";"TECKLENBURG";170;10
"1196";"GUSENBURG";170;8
"1197";"NÜNCHRITZ";38;9
"1198";"WALTERSHAUSEN";174;7
"1199";"BESTENSEE";38;9
"1200";"GOTTENHEIM";185;7
"1201";"JÄNKENDORF";17;4
"1202";"HEIMENKIRCH";81;9
"1203";"FINSTERBERGEN";198;10
"1204";"OTTERBERG";198;6
"1205";"BARENBURG";125;6
"1206";"WEISSBACH";194;7
"1207";"FEILITZSCH";38;10
"1208";"MALBORN";50;0
"1209";"BEIERSDORF";86;6
"1210";"HOHENASPE";38;9
"1211";"NIEDERLEHME";179;10
"1212";"RUHLA";38;5
"1213";"MÜNSTERDORF";145;0
"1214";"SANKT GEORGEN IM SCHWARZWALD";125;27
"1215";"OPPENHEIM";185;6
"1216";"BITZ";38;4
"1217";"TRÖBITZ";38;7
"1218";"VIERKIRCHEN";81;9
"1219";"BRETTEN";117;5
"1220";"INSHEIM";185;6
"1221";"WALDDORFHÄSLACH";86;13
"1222";"FÜRTH";72;0
"1223";"LIEBERTWOLKWITZ";38;15
"1224";"ÜHLINGEN-BIRKENDORF";17;15
"1225";"PIRMASENS";93;0
"1226";"HAIMING";38;7
"1227";"MOERS";38;5
"1228";"OFTERSCHWANG";195;0
"1229";"LIPPSTADT";55;8
"1230";"LADELUND";38;8
"1231";"NAUMBURG";170;5
"1232";"TRÖSTAU";38;7
"1233";"STETTFELD";147;8
"1234";"SÜDERLÜGUM";38;10
"1235";"ESTORF";80;0
"1236";"HOLDORF";86;5
"1237";"PLEISSA";38;7
"1238";"SCHAUFLING";173;9
"1239";"BRECKERFELD";147;10
"1240";"LEUBEN";38;6
"1241";"WALDMÜNCHEN";38;11
"1242";"ALSENZ";38;6
"1243";"LANGEN";102;0
"1244";"REHLING";42;6
"1245";"BUCHHOLZ (ALLER)";116;0
"1246";"ERKENBRECHTSWEILER";35;0
"1247";"IBBENBÜREN";125;9
"1248";"DIEPENAU";33;7
"1249";"FEUCHT";38;6
"1250";"ERNDTEBRÜCK";143;10
"1251";"ZINNOWITZ";188;0
"1252";"HANNOVER";33;7
"1253";"MECKENBEUREN";1;10
"1254";"PADERBORN";50;8
"1255";"ANGERMÜNDE";121;1
"1256";"LÜTJENBURG";54;9
"1257";"REUTERSTADT STAVENHAGEN";28;20
"1258";"RUNKEL";38;6
"1259";"ROCKENBERG";20;6
"1260";"NEUHAUSEN";12;7
"1261";"GÜTENBACH";190;6
"1262";"KLOSTERFELDE";133;8
"1263";"MUNDERKINGEN";95;10
"1264";"FRIEDLAND";179;8
"1265";"DORMAGEN";38;8
"1266";"AHLDEN";164;4
"1267";"ROSENGARTEN";161;10
"1268";"SIEGENBURG";170;9
"1269";"GUSBORN";50;6
"1270";"HEINADE";38;7
"1271";"NORHEIM";37;5
"1272";"JADE";38;4
"1273";"WILDENFELS";164;8
"1274";"CREMLINGEN";95;6
"1275";"OSCHATZ";38;7
"1276";"DILLINGEN/SAAR";95;10
"1277";"METTMANN";38;8
"1278";"BENNECKENSTEIN";120;12
"1279";"ESGRUS";26;0
"1280";"MERSCHWITZ";38;10
"1281";"OBERTSHAUSEN";172;3
"1282";"FAHRDORF";86;6
"1283";"DÖMITZ";38;6
"1284";"KETTENKAMP";58;8
"1285";"STOCKHEIM";185;8
"1286";"GRIMMEN";38;7
"1287";"MÖLKAU";178;4
"1288";"LEMGO";38;5
"1289";"GROSS TWÜLPSTEDT";23;15
"1290";"OFFENBURG";170;8
"1291";"HAUSEN";12;4
"1292";"RÜTHEN";38;6
"1293";"HORNBACH";135;5
"1294";"PATTENSEN";117;7
"1295";"ERNSGADEN";143;8
"1296";"SCHALLSTADT";55;10
"1297";"MUGGENSTURM";38;11
"1298";"OBERSINN";38;8
"1299";"HALBERSTADT";55;10
"1300";"SAGAR";161;0
"1301";"SENSBACHTAL";112;8
"1302";"NIEDERMURACH";36;10
"1303";"KYLLBURG";170;7
"1304";"ASBACH";194;4
"1305";"KALTENKIRCHEN";16;0
"1306";"AMBERG";38;6
"1307";"NIEDERWINKLING";200;0
"1308";"SOLTAU";38;6
"1309";"OSTRO";38;5
"1310";"ALTENGOTTERN";154;9
"1311";"LIMBURGERHOF";170;9
"1312";"JÖSSNITZ";118;2
"1313";"NEINSTEDT";32;8
"1314";"BUXHEIM";185;6
"1315";"HEIMBACH";187;0
"1316";"BORNHÖVED";50;8
"1317";"DÜREN";125;4
"1318";"NEIDSTEIN";32;0
"1319";"RAMMINGEN";137;4
"1320";"ALLMENDINGEN";123;8
"1321";"MUDAU";38;5
"1322";"WALLDORF";86;6
"1323";"EISELFING";97;0
"1324";"KRONBURG";170;7
"1325";"LEIFERDE";38;8
"1326";"SASSNITZ";118;4
"1327";"MENGEN";123;0
"1328";"WILSTEDT";38;8
"1329";"NIENSTÄDT";38;9
"1330";"CRANZAHL";38;8
"1331";"SEINSHEIM";185;8
"1332";"SICKTE";38;6
"1333";"SULZEMOOS";38;9
"1334";"HELMSTADT";55;8
"1335";"WITTINGEN";95;7
"1336";"FÜSSEN";38;6
"1337";"MÜNCHENBERNSDORF";163;7
"1338";"AITRANG";38;7
"1339";"LUNESTEDT";38;9
"1340";"ESTERWEGEN";38;10
"1341";"KÜMMERSBRUCK";3;11
"1342";"GERSTEN";38;7
"1343";"ALTENKIRCHEN (WESTERWALD)";16;14
"1344";"GROSSBOTHEN";23;10
"1345";"REUTH BEI ERBENDORF";113;16
"1346";"REICHENBACH";103;8
"1347";"LINDOW";140;4
"1348";"HEYNITZ";38;7
"1349";"KALTENNORDHEIM";185;13
"1350";"BAD WINDSHEIM";185;12
"1351";"KALTENENGERS";123;10
"1352";"NIEDERNEISEN";143;11
"1353";"STÖTTEN AM AUERBERG";198;16
"1354";"BAISWEIL";19;8
"1355";"LILIENTHAL";25;8
"1356";"REGNITZLOSAU";38;12
"1357";"BREITNAU";33;7
"1358";"SANKT JOHANN";33;11
"1359";"BOXBERG";38;7
"1360";"FRIEDRICHSDORF";96;0
"1361";"OTTENDORF";113;0
"1362";"EISINGEN";139;0
"1363";"STEINGADEN";32;9
"1364";"FREITAL";38;7
"1365";"BACKNANG";38;8
"1366";"BAUTZEN";148;5
"1367";"LEHRE";38;5
"1368";"OTTERSHEIM BEI LANDAU";185;20
"1369";"ALTERTHEIM";72;9
"1370";"GESLAU";38;6
"1371";"WUSTROW";38;7
"1372";"AICHHALDEN";164;8
"1373";"BERNSDORF";163;0
"1374";"PÖLITZ";38;6
"1375";"ANGELBURG";102;7
"1376";"FISCHBACHAU";43;7
"1377";"NORDENDORF";113;7
"1378";"QUERN";143;0
"1379";"HOHENTENGEN AM HOCHRHEIN";123;20
"1380";"RUPPERTSGRÜN";26;12
"1381";"DAHLENBURG";126;6
"1382";"WIEDNITZ";38;8
"1383";"KEMNITZ";38;7
"1384";"LUCKENWALDE";38;11
"1385";"LANGENWEDDINGEN";102;9
"1386";"WREMEN";38;6
"1387";"JERICHOW";38;8
"1388";"AUSLEBEN";38;8
"1389";"LAUDENBACH";103;7
"1390";"THÜR";38;4
"1391";"ALTEGLOFSHEIM";31;12
"1392";"LANGENSELBOLD";102;7
"1393";"WEITNAU";33;6
"1394";"LAUDA-KÖNIGSHOFEN";9;15
"1395";"ERING";38;5
"1396";"ALTENKIRCHEN";16;1
"1397";"BAD LIPPSPRINGE";150;0
"1398";"TUTZING";38;7
"1399";"RHEURDT";38;7
"1400";"GÜNZACH";38;7
"1401";"SIEGBACH";38;8
"1402";"WINSEN (LUHE)";38;13
"1403";"SELM";83;3
"1404";"HERGATZ";38;7
"1405";"SCHMITTEN";117;5
"1406";"ARBERG";198;5
"1407";"NEIDLINGEN";95;6
"1408";"IRSCHENBERG";76;7
"1409";"REISKIRCHEN";81;9
"1410";"UNTERSIEMAU";110;10
"1411";"NITTEL";117;4
"1412";"NACHRODT-WIBLINGWERDE";38;21
"1413";"GREPPIN";38;7
"1414";"BREITENBRUNN";39;11
"1415";"LORCH";69;0
"1416";"FREISEN";38;7
"1417";"BIRKWITZ-PRATZSCHWITZ";38;21
"1418";"VOGT";38;4
"1419";"DIETZHÖLZTAL";186;11
"1420";"ELLERAU";186;6
"1421";"RHEINBÖLLEN";37;11
"1422";"FAHRENBACH";53;0
"1423";"WERNBERG-KÖBLITZ";63;12
"1424";"FLADUNGEN";102;7
"1425";"NIEDERKIRCHEN";81;11
"1426";"DRENSTEINFURT";181;10
"1427";"KAISERSESCH";38;11
"1428";"DAMMBACH";58;6
"1429";"BAAR";38;4
"1430";"ENKENBACH-ALSENBORN";190;16
"1431";"HÜRTGENWALD";72;10
"1432";"GROSSSCHÖNAU";23;9
"1433";"OLCHING";30;7
"1434";"EPFENDORF";113;6
"1435";"LANGENLONSHEIM";102;8
"1436";"STEINFELD (OLDENBURG)";87;0
"1437";"SULZDORF AN DER LEDERHECKE";86;24
"1438";"OTTERNDORF";113;5
"1439";"HEUSWEILER";19;6
"1440";"RODENBERG";76;5
"1441";"MODAUTAL";38;8
"1442";"BENDESTORF";80;4
"1443";"SCHORTENS";135;8
"1444";"ALTENMÜNSTER";145;9
"1445";"OBERWOLFACH";38;11
"1446";"KEMTAU";38;6
"1447";"RUDERTING";66;0
"1448";"SCHWANDORF";17;8
"1449";"NEUDENAU";164;6
"1450";"BAUNATAL";92;0
"1451";"BAD BERNECK";143;10
"1452";"MIROW";38;5
"1453";"RIEDENBURG";179;7
"1454";"BAD ÜBERKINGEN";95;12
"1455";"LOFFENAU";33;7
"1456";"BÜDELSDORF";130;0
"1457";"BENEDIKTBEUREN";125;13
"1458";"BORDESHOLM";184;0
"1459";"CROSTAU";38;7
"1460";"NORDERNEY";143;8
"1461";"ADELSRIED";179;6
"1462";"ABENSBERG";38;9
"1463";"PETERSHAGEN";38;11
"1464";"GRAFSCHAFT";171;8
"1465";"GARREL";161;5
"1466";"WEISTROPP";15;0
"1467";"DÖTLINGEN";95;5
"1468";"WEYHE";38;5
"1469";"ERLENBACH";190;6
"1470";"REICHSHOF";42;8
"1471";"MARLOFFSTEIN";32;11
"1472";"HEBERTSFELDEN";164;9
"1473";"MEERANE";186;6
"1474";"LÜNEBURG";170;7
"1475";"SINZING";85;6
"1476";"SUSTRUM";7;6
"1477";"ANZING";38;6
"1478";"OBERSTDORF";86;8
"1479";"LUHE-WILDENAU";164;9
"1480";"MARKTGRAITZ";38;11
"1481";"GEISENFELD";147;7
"1482";"WAIN";38;4
"1483";"BITTERFELD";117;8
"1484";"STORKOW";80;5
"1485";"KRANZBERG";38;9
"1486";"MÖNCHWEILER";19;9
"1487";"MAXDORF";86;5
"1488";"TRUNKELSBERG";38;12
"1489";"GÖGGINGEN";95;7
"1490";"INZELL";38;6
"1491";"WEISSDORF";86;5
"1492";"NEUBRANDENBURG";140;12
"1493";"GLASHÜTTE";75;8
"1494";"OFTERDINGEN";95;9
"1495";"DÖRVERDEN";38;9
"1496";"ALFELD (LEINE)";147;13
"1497";"LEIDERSBACH";196;3
"1498";"RECKENDORF";17;6
"1499";"LEIBLFING";134;7
"1500";"KÖNIGSFELD IM SCHWARZWALD";9;23
"1501";"BERGKIRCHEN";56;6
"1502";"KIST";38;4
"1503";"BRÜNLOS";38;7
"1504";"GÜTERFELDE";133;6
"1505";"LENZKIRCH";149;7
"1506";"ERKELENZ";57;6
"1507";"HÖCKENDORF";17;6
"1508";"VIECHTACH";38;9
"1509";"STIEFENHOFEN";191;0
"1510";"RÜBENAU";33;6
"1511";"POBERSHAU";38;9
"1512";"RÜDESHEIM AM RHEIN";67;0
"1513";"BAD SALZUFLEN";38;13
"1514";"HEINSBERG";38;9
"1515";"HOHNSTORF (ELBE)";80;12
"1516";"VOGTSBURG IM KAISERSTUHL";146;23
"1517";"BURG (DITHMARSCHEN)";47;17
"1518";"NIEDERFELL";179;9
"1519";"BAALBERGE";8;9
"1520";"NEUBULACH";38;9
"1521";"NEUENKIRCHEN";81;0
"1522";"WIEDA";38;5
"1523";"SIMMERATH";3;8
"1524";"KARLSHULD";38;9
"1525";"REHLINGEN";95;5
"1526";"SCHAFSTEDT";171;0
"1527";"WALDBREITBACH";131;0
"1528";"HIMMELKRON";38;10
"1529";"EBERN";143;4
"1530";"AHAUS";38;5
"1531";"GUDERHANDVIERTEL";33;15
"1532";"GERINGSWALDE";2;0
"1533";"BESELICH";83;7
"1534";"ASCHAU IM CHIEMGAU";173;17
"1535";"ROETGEN";38;7
"1536";"EIMEN";38;5
"1537";"GIESSEN";38;7
"1538";"EITENSHEIM";185;9
"1539";"NEU KALISS";38;10
"1540";"JENA";38;4
"1541";"NEURIED";179;6
"1542";"LICHTERFELDE";133;0
"1543";"WASSERLIESCH";38;12
"1544";"AURACHTAL";112;8
"1545";"GRAFENWÖHR";38;10
"1546";"DÜRRHENNERSDORF";86;11
"1547";"MOISBURG";146;7
"1548";"PFAFFRODA";38;9
"1549";"EBENHAUSEN";107;5
"1550";"RINGELAI";38;8
"1551";"WITTGENDORF";113;8
"1552";"WILGARTSWIESEN";129;11
"1553";"ALZENAU IN UNTERFRANKEN";33;22
"1554";"MARKTRODACH";38;11
"1555";"BAD WILSNACK";38;12
"1556";"BAD TEINACH-ZAVELSTEIN";32;21
"1557";"ALVESLOHE";38;9
"1558";"KLEIN WANZLEBEN";38;15
"1559";"LEEGEBRUCH";38;10
"1560";"SCHNAITSEE";38;10
"1561";"STADTKYLL";55;8
"1562";"BEIERFELD";147;8
"1563";"TITISEE-NEUSTADT";55;15
"1564";"BINSWANGEN";102;6
"1565";"SCHWARME";125;7
"1566";"ITTLINGEN";95;5
"1567";"NAUNDORF";86;6
"1568";"BASDAHL";38;7
"1569";"KIRCHENLAMITZ";109;0
"1570";"GESTRATZ";38;8
"1571";"NENTERSHAUSEN";174;7
"1572";"TRITTENHEIM";117;7
"1573";"FERNWALD";143;7
"1574";"SCHIRMITZ";38;9
"1575";"NEUKIRCH";69;7
"1576";"RÖTHLEIN";38;8
"1577";"NEUENHAGEN";28;7
"1578";"BORKUM";38;6
"1579";"TENGEN";123;2
"1580";"DÄNISCHENHAGEN";28;11
"1581";"RASDORF";86;3
"1582";"UNDENHEIM";185;6
"1583";"BRIEDEL";179;2
"1584";"LEUN";38;4
"1585";"GRAINAU";33;6
"1586";"BURKHARDTSDORF";86;10
"1587";"HASSBERGEN";111;6
"1588";"WEMDING";38;7
"1589";"FRIEDRICHSGRÜN";96;8
"1590";"HÖRGERTSHAUSEN";90;7
"1591";"ESCHENBACH IN DER OBERPFALZ";158;0
"1592";"MICHELFELD";147;9
"1593";"WIEREN";125;5
"1594";"PFARRWEISACH";38;12
"1595";"STEPHANSKIRCHEN";77;0
"1596";"HATTENHOFEN";45;9
"1597";"GRAFENGEHAIG";123;10
"1598";"GÖSSNITZ";118;0
"1599";"LOSHEIM";185;6
"1600";"BIDINGEN";95;6
"1601";"BURGEBRACH";170;9
"1602";"SCHLANSTEDT";171;9
"1603";"NEUBURG AM INN";170;13
"1604";"LANGENHORN";46;0
"1605";"KRÖLPA";38;6
"1606";"LÜTZSCHENA";54;7
"1607";"OBERLEICHTERSBACH";194;15
"1608";"THUM";38;0
"1609";"GEMMINGEN";137;2
"1610";"EMMELSBÜLL-HORSBÜLL";194;17
"1611";"NEUENKIRCHEN";81;0
"1612";"NORTRUP";38;7
"1613";"WILHELMSFELD";147;11
"1614";"FÜNFSTETTEN";101;8
"1615";"DÖRNTHAL";25;0
"1616";"FACHBACH";43;6
"1617";"RIMBACH";187;3
"1618";"LEISNIG";38;7
"1619";"HEUCHLINGEN";95;7
"1620";"MARKTOFFINGEN";95;11
"1621";"WISMAR";38;6
"1622";"NEUSTRELITZ";38;11
"1623";"BOHMTE";38;6
"1624";"BERNSDORF";163;0
"1625";"ISPRINGEN";127;6
"1626";"WERNE";143;4
"1627";"BAD MÜNSTER AM STEIN";145;17
"1628";"INZLINGEN";95;5
"1629";"WURMLINGEN";95;6
"1630";"WOLFERODE";38;9
"1631";"BIETIGHEIM-BISSINGEN";139;16
"1632";"KIRN";38;4
"1633";"MONZINGEN";95;7
"1634";"BUCKOW";38;6
"1635";"NEUFRA";38;6
"1636";"THERES";82;0
"1637";"LAHNTAL";71;0
"1638";"DÖHLAU";38;6
"1639";"ROTHENBURG OB DER TAUBER";170;23
"1640";"HAMM";193;0
"1641";"PAHLEN";126;0
"1642";"LICHTENBERG";76;7
"1643";"DORSTEN";38;7
"1644";"BÜTZOW";54;5
"1645";"RIEDE";179;2
"1646";"GROSSHEUBACH";23;11
"1647";"WEISENHEIM AM SAND";185;15
"1648";"TANGERMÜNDE";121;0
"1649";"COBURG";170;5
"1650";"ADENSTEDT";38;9
"1651";"OBERCUNNERSDORF";86;11
"1652";"SCHROZBERG";38;10
"1653";"DOSSENHEIM";185;7
"1654";"SEHLDE";38;6
"1655";"HETTINGEN";95;7
"1656";"BERNRIED";143;7
"1657";"ZSCHADRASS";34;0
"1658";"KINDSBACH";166;0
"1659";"KOHLBERG";38;8
"1660";"SCHÖNINGEN";30;8
"1661";"OBERRIEXINGEN";95;11
"1662";"SCHAALBY";8;8
"1663";"JANDELSBRUNN";39;11
"1664";"GEFELL";38;6
"1665";"SENNFELD";147;5
"1666";"ESSINGEN";139;4
"1667";"BACH AN DER DONAU";199;0
"1668";"HÜNFELD";147;4
"1669";"EGGENTHAL";25;7
"1670";"BREITSCHEID";47;9
"1671";"BORNA";50;4
"1672";"MUNDELSHEIM";185;10
"1673";"GINGEN AN DER FILS";94;13
"1674";"DEUTSCHEINSIEDEL";179;13
"1675";"MINFELD";147;0
"1676";"GREVEN";38;6
"1677";"SOLNHOFEN";45;7
"1678";"NAUMBURG";170;5
"1679";"IGERSHEIM";185;8
"1680";"NIEDERBERGKIRCHEN";56;12
"1681";"DETTELBACH";38;10
"1682";"DONSIEDERS";179;9
"1683";"SCHEINFELD";147;5
"1684";"HIDDENHAUSEN";107;5
"1685";"WESSLING";38;8
"1686";"DAMP";58;0
"1687";"GRAFRATH";38;8
"1688";"KUMHAUSEN";12;5
"1689";"MERKENDORF";17;6
"1690";"LANGENCHURSDORF";102;9
"1691";"PUTZBRUNN";39;0
"1692";"KELLHUSEN (OSTSEE)";160;0
"1693";"ZERBST";38;6
"1694";"ELMENHORST";135;9
"1695";"NECKARBISCHOFSHEIM";185;17
"1696";"PULHEIM";106;6
"1697";"BROKSTEDT";38;9
"1698";"HOHENFICHTE";38;11
"1699";"PRACKENBACH";190;8
"1700";"PREUSSISCH OLDENDORF";113;17
"1701";"PYRBAUM";141;6
"1702";"THEILHEIM";106;0
"1703";"WIESETH";129;6
"1704";"SULZBACH-LAUFEN";190;14
"1705";"OPFENBACH";190;0
"1706";"HEMMINGEN";137;2
"1707";"REPPENSTEDT";38;11
"1708";"WASSERLOSEN";38;11
"1709";"MARTINSHEIM";185;10
"1710";"HATZFELD (EDER)";147;14
"1711";"NEUBEUERN";143;6
"1712";"WEHRHEIM";37;0
"1713";"FRIEDENFELS";179;8
"1714";"SPECHBACH";43;7
"1715";"HERZOGENRATH";38;12
"1716";"MAMMENDORF";113;7
"1717";"KNÜLLWALD";38;9
"1718";"MILTITZ";38;7
"1719";"DOLLNSTEIN";120;0
"1720";"BURGBERG IM ALLGÄU";170;17
"1721";"HAGENWERDER";38;11
"1722";"LANGENENSLINGEN";18;0
"1723";"PALLING";38;7
"1724";"ELLERBEK";38;8
"1725";"TODTNAU";33;6
"1726";"DEININGEN";95;7
"1727";"EIBENSTOCK";38;10
"1728";"GLOTTERTAL";31;9
"1729";"MELLRICHSTADT";55;12
"1730";"BAD BERKA";38;9
"1731";"PLEINFELD";147;4
"1732";"HASBERGEN";38;9
"1733";"IDAR-OBERSTEIN";32;13
"1734";"TRIPPSTADT";55;9
"1735";"LOBBACH";38;7
"1736";"HEILSBRONN";31;9
"1737";"MALENTE";38;7
"1738";"SCHWARZACH";125;9
"1739";"HARGESHEIM";185;9
"1740";"SCHERMBECK";47;8
"1741";"WEFENSLEBEN";38;11
"1742";"MARKT BEROLZHEIM";185;15
"1743";"CÖLBE";38;5
"1744";"KONSTANZ";38;8
"1745";"KIRCHDORF AN DER AMPER";58;20
"1746";"HEBERTSHAUSEN";172;0
"1747";"RALINGEN";95;0
"1748";"MÜLHEIM AN DER RUHR";106;18
"1749";"BUXTEHUDE";38;9
"1750";"FINOWFURT";181;6
"1751";"MACKENBACH";190;7
"1752";"HELLENHAHN-SCHELLENBERG";76;19
"1753";"VÖRSTETTEN";101;5
"1754";"NESSE";38;5
"1755";"ARNSCHWANG";195;8
"1756";"MOHSDORF";86;4
"1757";"BUNDORF";86;5
"1758";"HAMBÜHREN";193;7
"1759";"FRIESACK";38;8
"1760";"HEUCHELHEIM";106;10
"1761";"LENGERICH";123;7
"1762";"NEUSORG";38;7
"1763";"DENKLINGEN";95;6
"1764";"ARRACH";38;6
"1765";"ISSIGAU";38;7
"1766";"ZEITLOFS";38;8
"1767";"WÜLKNITZ";38;8
"1768";"MORSCHEN";47;6
"1769";"KAMENZ";38;6
"1770";"PILSTING";38;8
"1771";"SCHEURING";47;7
"1772";"RIETSCHEN";47;7
"1773";"HEEMSEN";38;7
"1774";"RUGENDORF";113;6
"1775";"LEUNA";38;5
"1776";"BADENHAUSEN";107;0
"1777";"BERG (PFALZ)";38;12
"1778";"KELTERN";154;0
"1779";"FRIEDBERG (HESSEN)";179;17
"1780";"NÜRNBERG";63;0
"1781";"REICHENBACH";103;8
"1782";"PFORZHEIM";185;8
"1783";"KASTL";51;0
"1784";"FENSTERBACH";36;9
"1785";"GELDERN";164;5
"1786";"RHEINE";37;6
"1787";"QUERFURT";143;5
"1788";"MELSBACH";194;0
"1789";"RENDSBURG";125;8
"1790";"SPEICHERSDORF";86;9
"1791";"BISSINGEN AN DER TECK";94;0
"1792";"WOLFEN";38;6
"1793";"OTTENHOFEN";45;8
"1794";"URSENSOLLEN";38;11
"1795";"LANGENWETZENDORF";102;10
"1796";"LANGENBERNSDORF";163;6
"1797";"NÖRTEN-HARDENBERG";76;13
"1798";"MÖCKERN";143;6
"1799";"SCHLECHING";30;8
"1800";"SULZBURG";170;7
"1801";"BAD FÜSSING";85;10
"1802";"BALJE";38;5
"1803";"OTTWEILER";19;7
"1804";"GUTACH (SCHWARZWALDBAHN)";125;23
"1805";"MÜHLHEIM AM MAIN";106;15
"1806";"GEIERSTHAL";186;9
"1807";"FÜRTHEN";72;2
"1808";"KIEBITZREIHE";91;0
"1809";"GINSHEIM-GUSTAVSBURG";146;19
"1810";"WEILBACH";38;8
"1811";"ANGELBACHTAL";112;9
"1812";"STEINKIRCHEN";81;8
"1813";"REICHENBACH";103;8
"1814";"SCHECHEN";47;6
"1815";"KAMP-BORNHOFEN";45;12
"1816";"ESCHERSHAUSEN";174;7
"1817";"KELHEIM";106;6
"1818";"ELLRICH";38;7
"1819";"DENKENDORF";17;4
"1820";"BIEDENKOPF";179;9
"1821";"FROSE";38;5
"1822";"GENDERKINGEN";95;10
"1823";"WITTIGHAUSEN";12;10
"1824";"BONN";31;3
"1825";"GEMÜNDEN (WOHRA)";140;14
"1826";"OETZEN";148;0
"1827";"GÖRZKE";38;6
"1828";"CADENBERGE";76;6
"1829";"ELLEFELD";100;7
"1830";"WIRGES";38;6
"1831";"SIEGBURG";170;7
"1832";"HAAG IN OBERBAYERN";143;17
"1833";"BUNDE";38;5
"1834";"SCHRIESHEIM";185;10
"1835";"WACKERNHEIM";185;8
"1836";"HATTEN";117;4
"1837";"ELBTAL";38;6
"1838";"BÖBINGEN AN DER REMS";94;15
"1839";"KÖLLEDA";38;7
"1840";"BÜCHEN";38;6
"1841";"JOHANNISKIRCHEN";77;12
"1842";"LINNICH";38;7
"1843";"PORTA WESTFALICA";38;16
"1844";"OBERNHEIM-KIRCHENARNBACH";99;20
"1845";"VILSBIBURG";170;9
"1846";"LENGENFELD";29;4
"1847";"MASSENBACHHAUSEN";190;13
"1848";"NIEDER-OLM";179;9
"1849";"NEUKIRCHEN-BALBINI";81;14
"1850";"HOFBIEBER";38;9
"1851";"WETZLAR";38;7
"1852";"ZITTAU";38;6
"1853";"DEGGENDORF";113;7
"1854";"OSTERSPAI";38;9
"1855";"STENN";38;5
"1856";"BISCHWEIER";186;9
"1857";"EURASBURG";146;0
"1858";"KELBRA";38;6
"1859";"WEHRSTADT";55;8
"1860";"KIRCHEHRENBACH";99;0
"1861";"GREMSDORF";86;5
"1862";"NIEDERGÖRSDORF";142;0
"1863";"MOLFSEE";38;7
"1864";"RENNINGEN";197;5
"1865";"ALPENROD";13;0
"1866";"GROSSGRIMMA";23;10
"1867";"MARBACH AM NECKAR";36;17
"1868";"GROSSHARTHAU";23;11
"1869";"REICHLING";42;0
"1870";"FREIHUNG";41;0
"1871";"ORTENBERG";76;5
"1872";"EDENKOBEN";38;9
"1873";"PETERSHAUSEN";174;6
"1874";"FILDERSTADT";55;10
"1875";"WEISSBACH";194;7
"1876";"BEHRINGEN";95;7
"1877";"SULZBACH/SAAR";8;13
"1878";"BACHARACH";38;9
"1879";"BAD LIEBENWERDA";167;0
"1880";"BORGSTEDT";38;9
"1881";"LINDENBERG IM ALLGÄU";140;14
"1882";"OESTRICH-WINKEL";38;15
"1883";"ANNABURG";170;7
"1884";"VÖHL";38;4
"1885";"STEINKIRCHEN";81;8
"1886";"WULFERSTEDT";74;7
"1887";"MASSWEILER";19;0
"1888";"LEINZELL";38;8
"1889";"BIELATAL";40;0
"1890";"BARNSTORF";48;0
"1891";"ZABERFELD";147;8
"1892";"EDDELAK";38;7
"1893";"ERLENBACH BEI MARKTHEIDENFELD";103;22
"1894";"TROSSINGEN";139;6
"1895";"TIRSCHENREUTH";47;11
"1896";"OBERMICHELBACH";38;14
"1897";"LINDERN (OLDENBURG)";10;11
"1898";"LANGENBURG";102;4
"1899";"SCHEER";47;0
"1900";"BORNICH";50;6
"1901";"WEWELSFLETH";38;11
"1902";"BADENWEILER";19;9
"1903";"WALLENFELS";147;9
"1904";"LÜTZEN";54;3
"1905";"MARKTHEIDENFELD";147;12
"1906";"HAUSEN";12;4
"1907";"RHUMSPRINGE";127;0
"1908";"PFAFFENHOFEN AN DER GLONN";31;20
"1909";"NERESHEIM";82;7
"1910";"SCHWABSOIEN";38;11
"1911";"WELLHEIM";106;7
"1912";"WALCHUM";38;5
"1913";"LAMPERTHEIM";58;9
"1914";"GIMBSHEIM";187;7
"1915";"ELBINGERODE";38;11
"1916";"SPAHNHARRENSTÄTTE";125;16
"1917";"SONNEFELD";31;8
"1918";"SCHLEUSINGEN";139;8
"1919";"LAUTERHOFEN";45;9
"1920";"ANSBACH";194;5
"1921";"ALTENFELD";147;6
"1922";"ZIERENBERG";76;6
"1923";"RIESTE";38;6
"1924";"ESCHBACH";43;4
"1925";"EISENHÜTTENSTADT";117;14
"1926";"HAGENBACH";190;6
"1927";"WIPPERDORF";86;8
"1928";"RETHEM (ALLER)";38;14
"1929";"GRÖNENBACH";190;7
"1930";"SCHWEICH";38;8
"1931";"MENSLAGE";38;8
"1932";"DREBKAU";38;7
"1933";"MECKENHEIM";1;0
"1934";"HEIDENAU";164;6
"1935";"BOOS";38;4
"1936";"LEOPOLDSHÖHE";38;12
"1937";"PRATAU";38;6
"1938";"HUGLFING";134;0
"1939";"KÜHBACH";38;7
"1940";"MAGDEBURG";170;8
"1941";"VÖHRENBACH";53;4
"1942";"WACHENROTH";13;10
"1943";"DONAUESCHINGEN";30;8
"1944";"BREITSCHEID";47;9
"1945";"PFEFFENHAUSEN";107;8
"1946";"GLEICHEN";38;8
"1947";"FRANZBURG";170;8
"1948";"SÜDERSTAPEL";38;11
"1949";"KRUMHERMERSDORF";86;11
"1950";"TRAUNREUT";38;9
"1951";"WEIDING";38;7
"1952";"SCHLANGENBAD";102;6
"1953";"REESSUM";38;7
"1954";"FORST";38;5
"1955";"ERTINGEN";66;5
"1956";"BRUNNTHAL";25;7
"1957";"EISENHEIM";185;6
"1958";"USINGEN";139;3
"1959";"LÖRZWEILER";151;0
"1960";"WALLMODEN";38;9
"1961";"FÜRFELD";72;6
"1962";"ÜBACH-PALENBERG";76;11
"1963";"HAGEN IM BREMISCHEN";47;17
"1964";"OSTERCAPPELN";38;12
"1965";"BOCHOLT";62;0
"1966";"WIESENBACH";129;3
"1967";"HIRSCHAID";38;9
"1968";"KARLSTADT";55;8
"1969";"SULZBERG";38;8
"1970";"BAD TÖLZ";38;8
"1971";"HÖFEN AN DER ENZ";38;16
"1972";"BOBINGEN";95;6
"1973";"AHLEN";126;1
"1974";"RÖDERMARK";38;9
"1975";"BÖBLINGEN";95;5
"1976";"PONITZ";38;6
"1977";"KETTIG";38;6
"1978";"DEINSTE";38;7
"1979";"SCHWAFÖRDEN";38;11
"1980";"DEUTSCH EVERN";143;12
"1981";"HAGELSTADT";55;9
"1982";"LANGENBACH";102;4
"1983";"TREBBIN";38;7
"1984";"STEINIGTWOLMSDORF";86;13
"1985";"KUCHEN";38;6
"1986";"BEILRODE";38;8
"1987";"GÜGLINGEN";95;5
"1988";"KRAUCHENWIES";38;12
"1989";"AUMÜHLE";21;7
"1990";"ROSSBACH";194;6
"1991";"LANGEN";102;0
"1992";"GSCHWEND";38;8
"1993";"TITTING";38;7
"1994";"KLÜTZ";54;0
"1995";"GLINDE";140;2
"1996";"BAIERN";143;5
"1997";"ENDORF IN OBERBAYERN";113;17
"1998";"SCHLANGEN";102;3
"1999";"WULFTEN";38;7
"2000";"RIENECK";38;7
